script,source_relative_path,sha256
scripts/Figure1/Figure1_ab_世界地图温差与背景热浪纬向分布组图.R,组图一/Figure1_ab_世界地图温差与背景热浪纬向分布组图.R,0e48a4d0b0fc540da63b3b4c8e4dcccf8693aabe9c010348cc4e5ed89680c4d2
scripts/Figure1/Figure1_cdef_Figure2_de_SVG转PDF.R,组图一/Figure1_cdef_Figure2_de_SVG转PDF.R,956db68f42a077cc1afc19a104d50e4b6badb6dec31962427fe78ab614a2375f
scripts/Figure1/Figure1_cdef_具体厂温度等温线环状图导出svg.R,组图一/Figure1_cdef_具体厂温度等温线环状图导出svg.R,940dd67a983bd179ab4a54293cb970a9522693b639fb3b8c720cfc993e1b1524
scripts/Figure1/Figure1_cdef_正文版SVG导出PDF.R,组图一/Figure1_cdef_正文版SVG导出PDF.R,5f6ec76ceb3e8c6a33f7e7f965cd7a1f5dafb97c9315a4afedc9f2fe9fe4dc47
scripts/Figure1/Figure1_f_生成案例100000103891.R,组图一/Figure1_f_生成案例100000103891.R,ff4607d78a3753e856d5f025a736f315b72ae49aead465e0991c05d99d7b92ac
scripts/Figure1/Figure1_g_箱线图煤电按照fuel类型分组显著性_当前数据.R,组图一/Figure1_g_箱线图煤电按照fuel类型分组显著性_当前数据.R,696c18befc59b83be4e35259e4dd91d2bc1e8e380d5ee73fa51a8c58e3d36757
scripts/Figure1/Figure1_h_箱线图煤电按热电联产分类带显著性检验_当前数据.R,组图一/Figure1_h_箱线图煤电按热电联产分类带显著性检验_当前数据.R,bc501046f531d779216b12329a3f45fa33b578979141849b3d37326b5fc50c5f
scripts/Figure3/Figure3_ac_2050年GADM城市年度损失减少世界地图.R,组图三/Figure3_ac_2050年GADM城市年度损失减少世界地图.R,8f7dd5101ab45e1bbf2b7ea9d1fa079292e31b2ba7dc6959d171d718207735d7
scripts/Figure3/Figure3_ac插图_2050年三情景避免损失环形图.R,组图三/Figure3_ac插图_2050年三情景避免损失环形图.R,176799b96591800c38bfc16aeaad75f52ad4e29a8dbb07182c0086c905a537a2
scripts/Figure3/Figure3_bd_2050年GADM城市年度损失减少纬度分布.R,组图三/Figure3_bd_2050年GADM城市年度损失减少纬度分布.R,729ffe90b4985ac5fddd0d6bc8c1dc106477d135a862f9d092188f9d06a2b777
scripts/Figure3/Figure3_ef_四象限图金额对数版_图二协调配色.R,组图三/Figure3_ef_四象限图金额对数版_图二协调配色.R,ca33b4a2803db41dc49ef9c79e7f10462b9a0e76a4526b821635d778e84a5686
scripts/Figure3/Figure3_ef数据准备_四象限图改进版.R,组图三/Figure3_ef数据准备_四象限图改进版.R,8a532f63c8c1051d000630b769cfa49f04673e9842e608493f1dec3260d1b07e
scripts/Figure2/Figure2_a_b数据_图二前半部分_融合地图与空间类型贡献润色版.R,组图二/Figure2_a_b数据_图二前半部分_融合地图与空间类型贡献润色版.R,b0ac5c55660177cc9dd2a367d5b51219d8928eb0b15c337a23d791b8744a24af
scripts/Figure2/Figure2_a插图_图二年度总损失构成环形图.R,组图二/Figure2_a插图_图二年度总损失构成环形图.R,3047b92c38e9d2e0d606efc50d83c5ce149c0d6a41ba793a7d82d9ed5364f15f
scripts/Figure2/Figure2_b_图二空间类型贡献竖版.R,组图二/Figure2_b_图二空间类型贡献竖版.R,5e9a6ed2400d1d4a51d65854d38a155c276fb456934cb0646ae4bcef27070db1
scripts/Figure2/Figure2_c_ExtraLoss_Q1Q4人均GDP箱线图_第二排竖版.R,组图二/Figure2_c_ExtraLoss_Q1Q4人均GDP箱线图_第二排竖版.R,29af8686b1e9f04e1b82b26aa961fe31f0c7e0ce19ed7e4cd0452b6d3dd7dbcb
scripts/Figure2/Figure2_de_图二城市国家双栏棒棒糖排序润色版.R,组图二/Figure2_de_图二城市国家双栏棒棒糖排序润色版.R,f76e48529883ae946db88144ea0a6a8a256d45e5838ab7a59f385e44ccbcffc0
scripts/Supplementary/SI_Fig1_ab_SAM训练曲线.R,附录/SI_Fig1_ab_SAM训练曲线.R,c53bf1f16bb7706377a1abeba6fa6cf397a66b9700f3070c093ecb195438a520
scripts/Supplementary/SI_Fig2_Fig3_最终版子图导出.R,附录/SI_Fig2_Fig3_最终版子图导出.R,6d95e9a6500a59a3dfebbecdbd0bc805c686f6d1df5d589be61264e53eed3ec1
scripts/Supplementary/SI_Fig2_abcd_厂区影像与边界_R原绘图.R,附录/SI_Fig2_abcd_厂区影像与边界_R原绘图.R,2e77b107fceae39fcfff92c599749ea8fa84443c64ef300eb40155ed7e0ffa13
scripts/Supplementary/SI_Fig3_ab_温差地图与纬度分布.R,附录/SI_Fig3_ab_温差地图与纬度分布.R,e1d364734a2986148b8c8c195148032ea40f46946da3c5e5c753182e67bb01ae
