script,parse_status,diagnostic
scripts/Figure1/Figure1_ab_世界地图温差与背景热浪纬向分布组图.R,PASS,
scripts/Figure1/Figure1_cdef_Figure2_de_SVG转PDF.R,PASS,
scripts/Figure1/Figure1_cdef_具体厂温度等温线环状图导出svg.R,PASS,
scripts/Figure1/Figure1_cdef_正文版SVG导出PDF.R,PASS,
scripts/Figure1/Figure1_f_生成案例100000103891.R,PASS,
scripts/Figure1/Figure1_g_箱线图煤电按照fuel类型分组显著性_当前数据.R,PASS,
scripts/Figure1/Figure1_h_箱线图煤电按热电联产分类带显著性检验_当前数据.R,PASS,
scripts/Figure3/Figure3_ac_2050年GADM城市年度损失减少世界地图.R,PASS,
scripts/Figure3/Figure3_ac插图_2050年三情景避免损失环形图.R,PASS,
scripts/Figure3/Figure3_bd_2050年GADM城市年度损失减少纬度分布.R,PASS,
scripts/Figure3/Figure3_ef_四象限图金额对数版_图二协调配色.R,PASS,
scripts/Figure3/Figure3_ef数据准备_四象限图改进版.R,PASS,
scripts/Figure2/Figure2_a_b数据_图二前半部分_融合地图与空间类型贡献润色版.R,PASS,
scripts/Figure2/Figure2_a插图_图二年度总损失构成环形图.R,PASS,
scripts/Figure2/Figure2_b_图二空间类型贡献竖版.R,PASS,
scripts/Figure2/Figure2_c_ExtraLoss_Q1Q4人均GDP箱线图_第二排竖版.R,PASS,
scripts/Figure2/Figure2_de_图二城市国家双栏棒棒糖排序润色版.R,PASS,
scripts/Supplementary/SI_Fig1_ab_SAM训练曲线.R,PASS,
scripts/Supplementary/SI_Fig2_Fig3_最终版子图导出.R,PASS,
scripts/Supplementary/SI_Fig2_abcd_厂区影像与边界_R原绘图.R,PASS,
scripts/Supplementary/SI_Fig3_ab_温差地图与纬度分布.R,PASS,
